name	type	units	low_cutoff	high_cutoff	notch	group	status	status_description
A1	SEEG	V	0.5	200.0	50.0	A	good	n/a
A2	SEEG	V	0.5	200.0	50.0	A	good	n/a
A3	SEEG	V	0.5	200.0	50.0	A	good	n/a
A4	SEEG	V	0.5	200.0	50.0	A	good	n/a
A5	SEEG	V	0.5	200.0	50.0	A	good	n/a
A6	SEEG	V	0.5	200.0	50.0	A	good	n/a
A7	SEEG	V	0.5	200.0	50.0	A	good	n/a
A8	SEEG	V	0.5	200.0	50.0	A	good	n/a
A9	SEEG	V	0.5	200.0	50.0	A	good	n/a
A10	SEEG	V	0.5	200.0	50.0	A	good	n/a
A11	SEEG	V	0.5	200.0	50.0	A	good	n/a
B1	SEEG	V	0.5	200.0	50.0	B	good	n/a
B2	SEEG	V	0.5	200.0	50.0	B	good	n/a
B3	SEEG	V	0.5	200.0	50.0	B	good	n/a
B4	SEEG	V	0.5	200.0	50.0	B	good	n/a
B5	SEEG	V	0.5	200.0	50.0	B	good	n/a
B6	SEEG	V	0.5	200.0	50.0	B	good	n/a
B7	SEEG	V	0.5	200.0	50.0	B	good	n/a
B8	SEEG	V	0.5	200.0	50.0	B	good	n/a
B9	SEEG	V	0.5	200.0	50.0	B	good	n/a
B10	SEEG	V	0.5	200.0	50.0	B	good	n/a
B11	SEEG	V	0.5	200.0	50.0	B	good	n/a
B12	SEEG	V	0.5	200.0	50.0	B	good	n/a
B13	SEEG	V	0.5	200.0	50.0	B	good	n/a
B14	SEEG	V	0.5	200.0	50.0	B	good	n/a
B15	SEEG	V	0.5	200.0	50.0	B	good	n/a
C1	SEEG	V	0.5	200.0	50.0	C	good	n/a
C2	SEEG	V	0.5	200.0	50.0	C	good	n/a
C3	SEEG	V	0.5	200.0	50.0	C	good	n/a
C4	SEEG	V	0.5	200.0	50.0	C	good	n/a
C5	SEEG	V	0.5	200.0	50.0	C	good	n/a
C6	SEEG	V	0.5	200.0	50.0	C	good	n/a
C7	SEEG	V	0.5	200.0	50.0	C	good	n/a
C8	SEEG	V	0.5	200.0	50.0	C	good	n/a
C9	SEEG	V	0.5	200.0	50.0	C	good	n/a
C10	SEEG	V	0.5	200.0	50.0	C	good	n/a
C11	SEEG	V	0.5	200.0	50.0	C	good	n/a
C12	SEEG	V	0.5	200.0	50.0	C	good	n/a
C13	SEEG	V	0.5	200.0	50.0	C	good	n/a
C14	SEEG	V	0.5	200.0	50.0	C	good	n/a
C15	SEEG	V	0.5	200.0	50.0	C	good	n/a
D1	SEEG	V	0.5	200.0	50.0	D	good	n/a
D2	SEEG	V	0.5	200.0	50.0	D	good	n/a
D3	SEEG	V	0.5	200.0	50.0	D	good	n/a
D4	SEEG	V	0.5	200.0	50.0	D	good	n/a
D5	SEEG	V	0.5	200.0	50.0	D	good	n/a
D6	SEEG	V	0.5	200.0	50.0	D	good	n/a
D7	SEEG	V	0.5	200.0	50.0	D	good	n/a
D8	SEEG	V	0.5	200.0	50.0	D	good	n/a
D9	SEEG	V	0.5	200.0	50.0	D	good	n/a
D10	SEEG	V	0.5	200.0	50.0	D	good	n/a
D11	SEEG	V	0.5	200.0	50.0	D	good	n/a
D12	SEEG	V	0.5	200.0	50.0	D	good	n/a
D13	SEEG	V	0.5	200.0	50.0	D	good	n/a
D14	SEEG	V	0.5	200.0	50.0	D	good	n/a
D15	SEEG	V	0.5	200.0	50.0	D	good	n/a
E1	SEEG	V	0.5	200.0	50.0	E	good	n/a
E2	SEEG	V	0.5	200.0	50.0	E	good	n/a
E3	SEEG	V	0.5	200.0	50.0	E	good	n/a
E4	SEEG	V	0.5	200.0	50.0	E	good	n/a
E5	SEEG	V	0.5	200.0	50.0	E	good	n/a
E6	SEEG	V	0.5	200.0	50.0	E	good	n/a
E7	SEEG	V	0.5	200.0	50.0	E	good	n/a
E8	SEEG	V	0.5	200.0	50.0	E	good	n/a
E9	SEEG	V	0.5	200.0	50.0	E	good	n/a
E10	SEEG	V	0.5	200.0	50.0	E	good	n/a
E11	SEEG	V	0.5	200.0	50.0	E	good	n/a
E12	SEEG	V	0.5	200.0	50.0	E	good	n/a
E13	SEEG	V	0.5	200.0	50.0	E	good	n/a
E14	SEEG	V	0.5	200.0	50.0	E	good	n/a
E15	SEEG	V	0.5	200.0	50.0	E	good	n/a
F1	SEEG	V	0.5	200.0	50.0	F	good	n/a
F2	SEEG	V	0.5	200.0	50.0	F	good	n/a
F3	SEEG	V	0.5	200.0	50.0	F	good	n/a
F4	SEEG	V	0.5	200.0	50.0	F	good	n/a
F5	SEEG	V	0.5	200.0	50.0	F	good	n/a
F6	SEEG	V	0.5	200.0	50.0	F	good	n/a
F7	SEEG	V	0.5	200.0	50.0	F	good	n/a
F8	SEEG	V	0.5	200.0	50.0	F	good	n/a
F9	SEEG	V	0.5	200.0	50.0	F	good	n/a
F10	SEEG	V	0.5	200.0	50.0	F	good	n/a
F11	SEEG	V	0.5	200.0	50.0	F	good	n/a
F12	SEEG	V	0.5	200.0	50.0	F	good	n/a
F13	SEEG	V	0.5	200.0	50.0	F	good	n/a
F14	SEEG	V	0.5	200.0	50.0	F	good	n/a
F15	SEEG	V	0.5	200.0	50.0	F	good	n/a
G1	SEEG	V	0.5	200.0	50.0	G	good	n/a
G2	SEEG	V	0.5	200.0	50.0	G	good	n/a
G3	SEEG	V	0.5	200.0	50.0	G	good	n/a
G4	SEEG	V	0.5	200.0	50.0	G	good	n/a
G5	SEEG	V	0.5	200.0	50.0	G	good	n/a
G6	SEEG	V	0.5	200.0	50.0	G	good	n/a
G7	SEEG	V	0.5	200.0	50.0	G	good	n/a
G8	SEEG	V	0.5	200.0	50.0	G	good	n/a
G9	SEEG	V	0.5	200.0	50.0	G	good	n/a
G10	SEEG	V	0.5	200.0	50.0	G	good	n/a
G11	SEEG	V	0.5	200.0	50.0	G	good	n/a
G12	SEEG	V	0.5	200.0	50.0	G	good	n/a
G13	SEEG	V	0.5	200.0	50.0	G	good	n/a
G14	SEEG	V	0.5	200.0	50.0	G	good	n/a
G15	SEEG	V	0.5	200.0	50.0	G	good	n/a
