name	x	y	z	size	group
L1	n/a	n/a	n/a	n/a	L
L2	n/a	n/a	n/a	n/a	L
L3	n/a	n/a	n/a	n/a	L
L4	n/a	n/a	n/a	n/a	L
L5	n/a	n/a	n/a	n/a	L
L6	n/a	n/a	n/a	n/a	L
L7	n/a	n/a	n/a	n/a	L
L8	n/a	n/a	n/a	n/a	L
L9	n/a	n/a	n/a	n/a	L
L10	n/a	n/a	n/a	n/a	L
L11	n/a	n/a	n/a	n/a	L
TA1	n/a	n/a	n/a	n/a	TA
TA2	n/a	n/a	n/a	n/a	TA
TA3	n/a	n/a	n/a	n/a	TA
TA4	n/a	n/a	n/a	n/a	TA
TA5	n/a	n/a	n/a	n/a	TA
TA6	n/a	n/a	n/a	n/a	TA
TA7	n/a	n/a	n/a	n/a	TA
TA8	n/a	n/a	n/a	n/a	TA
TA9	n/a	n/a	n/a	n/a	TA
TA10	n/a	n/a	n/a	n/a	TA
TA11	n/a	n/a	n/a	n/a	TA
TH1	n/a	n/a	n/a	n/a	TH
TH2	n/a	n/a	n/a	n/a	TH
TH3	n/a	n/a	n/a	n/a	TH
TH4	n/a	n/a	n/a	n/a	TH
TH5	n/a	n/a	n/a	n/a	TH
TH6	n/a	n/a	n/a	n/a	TH
TH7	n/a	n/a	n/a	n/a	TH
TH8	n/a	n/a	n/a	n/a	TH
TH9	n/a	n/a	n/a	n/a	TH
TH10	n/a	n/a	n/a	n/a	TH
TH11	n/a	n/a	n/a	n/a	TH
f1	n/a	n/a	n/a	n/a	f
f2	n/a	n/a	n/a	n/a	f
f3	n/a	n/a	n/a	n/a	f
f4	n/a	n/a	n/a	n/a	f
f5	n/a	n/a	n/a	n/a	f
f6	n/a	n/a	n/a	n/a	f
f7	n/a	n/a	n/a	n/a	f
TO1	n/a	n/a	n/a	n/a	TO
TO2	n/a	n/a	n/a	n/a	TO
TO3	n/a	n/a	n/a	n/a	TO
TO4	n/a	n/a	n/a	n/a	TO
TO5	n/a	n/a	n/a	n/a	TO
TO6	n/a	n/a	n/a	n/a	TO
TO7	n/a	n/a	n/a	n/a	TO
TO8	n/a	n/a	n/a	n/a	TO
TO9	n/a	n/a	n/a	n/a	TO
C1	n/a	n/a	n/a	n/a	C
C2	n/a	n/a	n/a	n/a	C
C3	n/a	n/a	n/a	n/a	C
C4	n/a	n/a	n/a	n/a	C
C5	n/a	n/a	n/a	n/a	C
C6	n/a	n/a	n/a	n/a	C
C7	n/a	n/a	n/a	n/a	C
C8	n/a	n/a	n/a	n/a	C
C9	n/a	n/a	n/a	n/a	C
a1	n/a	n/a	n/a	n/a	a
a2	n/a	n/a	n/a	n/a	a
a3	n/a	n/a	n/a	n/a	a
a4	n/a	n/a	n/a	n/a	a
a5	n/a	n/a	n/a	n/a	a
a6	n/a	n/a	n/a	n/a	a
a7	n/a	n/a	n/a	n/a	a
s1	n/a	n/a	n/a	n/a	s
s2	n/a	n/a	n/a	n/a	s
s3	n/a	n/a	n/a	n/a	s
s4	n/a	n/a	n/a	n/a	s
s5	n/a	n/a	n/a	n/a	s
s6	n/a	n/a	n/a	n/a	s
s7	n/a	n/a	n/a	n/a	s
s8	n/a	n/a	n/a	n/a	s
s9	n/a	n/a	n/a	n/a	s
T1	n/a	n/a	n/a	n/a	T
T2	n/a	n/a	n/a	n/a	T
T3	n/a	n/a	n/a	n/a	T
T4	n/a	n/a	n/a	n/a	T
T5	n/a	n/a	n/a	n/a	T
T6	n/a	n/a	n/a	n/a	T
T7	n/a	n/a	n/a	n/a	T
T8	n/a	n/a	n/a	n/a	T
T9	n/a	n/a	n/a	n/a	T
P1	n/a	n/a	n/a	n/a	P
P2	n/a	n/a	n/a	n/a	P
P3	n/a	n/a	n/a	n/a	P
P4	n/a	n/a	n/a	n/a	P
P5	n/a	n/a	n/a	n/a	P
P6	n/a	n/a	n/a	n/a	P
P7	n/a	n/a	n/a	n/a	P
